{"options":{"awareOfChrome":false,"check_for_updates":true,"comment":null,"compat_arrayleft":false,"compat_foreach":false,"compat_forvarin":false,"compat_metadata":false,"compat_uW_gmonkey":false,"compat_wrappedjsobject":false,"compatopts_for_requires":true,"noframes":null,"override":{"merge_connects":true,"merge_excludes":true,"merge_includes":true,"merge_matches":true,"orig_excludes":["https://github.com/*/*.diff","https://github.com/*/*.patch"],"orig_includes":["https://github.com/*/*"],"orig_matches":[],"orig_noframes":null,"orig_run_at":"document-idle","use_blockers":[],"use_connects":[],"use_excludes":[],"use_includes":[],"use_matches":[]},"run_at":null},"settings":{"enabled":true,"position":2},"meta":{"name":"Github Pull Request From Link","uuid":"ecd6c5fb-f015-4c52-9881-8eb65dc2c000","modified":1539682979025,"file_url":"https://greasyfork.org/scripts/64-github-pull-request-from-link/code/Github%20Pull%20Request%20From%20Link.user.js"}}