{"options":{"awareOfChrome":false,"check_for_updates":true,"comment":null,"compat_arrayleft":false,"compat_foreach":false,"compat_forvarin":false,"compat_metadata":false,"compat_uW_gmonkey":false,"compat_wrappedjsobject":false,"compatopts_for_requires":true,"noframes":null,"override":{"merge_connects":true,"merge_excludes":true,"merge_includes":true,"merge_matches":true,"orig_excludes":[],"orig_includes":["/^https?://((blog|gist|guides|help|raw|status|developer)\\.)?github\\.com/((?!generated_pages\\/preview).)*$/","/^https://*.githubusercontent.com/*$/","/^https://*graphql-explorer.githubapp.com/*$/"],"orig_matches":[],"orig_noframes":null,"orig_run_at":"document-start","use_blockers":[],"use_connects":[],"use_excludes":[],"use_includes":[],"use_matches":[]},"run_at":null},"settings":{"enabled":true,"position":5},"meta":{"name":"GitHub Dark Script","uuid":"b65de92a-5055-4116-9fcd-794eca0b40f5","modified":1539683007252,"file_url":"https://greasyfork.org/scripts/15562-github-dark-script/code/GitHub%20Dark%20Script.user.js"}}